Filename (CUAD Dataset),Sentence,,
EuromediaHoldingsCorp_20070215_10SB12G_EX-10.B(01)_525118_EX-10.B(01)_Content License Agreement.pdf,"Notwithstanding any other provision of this Agreement, Rogers may terminate this Agreement, at any time, upon sixty (60) days' prior written notice to Licensor.",,
EtonPharmaceuticalsInc_20191114_10-Q_EX-10.1_11893941_EX-10.1_Development Agreement.pdf,"ETON has the right to terminate this Agreement after approval of the Dossier or marketing application for the Product (or added new product), at its sole discretion, upon providing one hundred eighty (180) days' written notice to Aucta.",,
CerenceInc_20191002_8-K_EX-10.4_11827494_EX-10.4_Intellectual Property Agreement.pdf,"This Agreement may be terminated by Nuance at any time, in its sole discretion, prior to the Distribution; provided, however, that this Agreement shall automatically terminate upon the termination of the Separation Agreement in accordance with its terms.",,
ArtaraTherapeuticsInc_20200110_8-K_EX-10.5_11943350_EX-10.5_License Agreement.pdf,"Either Party may terminate the Project and all commitments and obligations with respect thereto, subject to Section 8.3 herein, upon thirty (30) days written notice to the other Party.",,
ArtaraTherapeuticsInc_20200110_8-K_EX-10.5_11943350_EX-10.5_License Agreement.pdf,This Agreement may be terminated by ArTara upon thirty (30) days prior written notice to University.,,
VirtuosoSurgicalInc_20191227_1-A_EX1A-6 MAT CTRCT_11933379_EX1A-6 MAT CTRCT_License Agreement.pdf,"COMPANY will pay JHU a fee equal one percent (1%) of the Aggregate Consideration received by the COMPANY, or the total amount received by stockholders of COMPANY, upon the occurrence of a Liquidity Event.",,
VertexEnergyInc_20200113_8-K_EX-10.1_11943624_EX-10.1_Marketing Agreement.pdf,A Party may terminate the JSMA immediately upon the delivery of written notice to the other Party if there has been a Change in Control.,,
MRSFIELDSORIGINALCOOKIESINC_01_29_1998-EX-10-FRANCHISE AGREEMENT.PDF,"Franchisee  agrees to notify the  telephone  company and all  telephone directory  publishers of the termination or expiration of Franchisee's  right to use any  telephone  and telecopy  numbers and any regular,  classified  or other telephone  directory  listings  associated  with any Mark and to  authorize  the transfer  thereof to Pretzel Time or at its direction.",,
MOELIS&CO_03_24_2014-EX-10.19-STRATEGIC ALLIANCE AGREEMENT.PDF,"Following the expiration of such 10-day period, the Partner proposing to sell or transfer Partnership Interests shall have one hundred and eighty- (180-) days to sell or transfer, or enter into an agreement to sell or transfer the Partnership Interests with respect to which SMBC 's right under Section 12.3(a) was not exercised, at a price and upon terms no more favorable to the purchasers of such securities than specified in the Partner's notice.",,
INTERNATIONALFASTFOODCORP_04_04_1997-EX-99-FRANCHISE AGREEMENT.PDF,"The  Franchisee  grants  to  BKC  or  its designee  upon  termination  or  expiration  of this  Agreement,  the  option to purchase all usable paper goods, containers and printed menus bearing any of the Burger  King  Marks or trade  names at the price paid by the  Franchisee  and to purchase the Franchisee's restaurant equipment, furniture, fixtures and signs at fair market value.",,
DeltathreeInc_19991102_S-1A_EX-10.19_6227850_EX-10.19_Co-Branding Agreement_ Service Agreement.pdf,"The term of this Agreement shall be effective as of the date first stated above and shall continue for a term of three (3) years, unless terminated earlier in accordance with the provisions of this Agreement (the ""Term""); provided, however, that PrimeCall may elect to terminate this Agreement, upon thirty (30) days' written notice, at any time from and after the time that collectively RSL Communications, Ltd. and/or its Affiliates holds less than fifty percent (50%) of the voting control of DeltaThree's outstanding shares.",,
MusclepharmCorp_20170208_10-KA_EX-10.38_9893581_EX-10.38_Co-Branding Agreement.pdf,"Nothwithstanding the foregoing, this Agreement may be assigned without the AS Parties' consent by MusclePharm in connection with a change of control transaction; provided that the acquirer of MusclePharm shall have financial resources substantially similar or greater than MusclePharm and shall specifically assume the obligations of MusclePharm under this Agreement in writing prior to the consummation of the change of control transaction.",,
TomOnlineInc_20060501_20-F_EX-4.46_749700_EX-4.46_Co-Branding Agreement.pdf,"Notwithstanding the foregoing, Skype or Skype Holding may assign this Agreement to a third party without such consent in the event of a merger, reorganization or sale of all or substantially all of Skype's or Skype Holding's assets or voting securities, provided that written notice of such assignment is delivered to Online BVI and the Company and the assignee assumes all the responsibilities and obligations provided herein.",,
EtonPharmaceuticalsInc_20191114_10-Q_EX-10.1_11893941_EX-10.1_Development Agreement.pdf,"Notwithstanding the foregoing, each Party may assign the rights and obligations under this Agreement in whole, without consent of the other Party, to a Third Party or Affiliate in connection with the transfer or sale of all or substantially all of its business or in the event of a merger, consolidation or change in control provided that the assignee assumes in writing and becomes directly obligated to the other Party to perform all of the obligations of assignor under this Agreement.",,
NakedBrandGroupInc_20150731_POS AM (on S-1)_EX-10.75_9196027_EX-10.75_Endorsement Agreement.pdf,"For a period of six (6) months at the end of the Term (the ""Sell-off Period""); provided that the Agreement was not terminated by Wade as permitted herein, Naked will have the right to continue to sell the Wade Products (defined below) for which orders have already been placed at the end of the Term on the terms and conditions herein.",,
ArtaraTherapeuticsInc_20200110_8-K_EX-10.5_11943350_EX-10.5_License Agreement.pdf,"Richard Smith, MD will be given first consideration as a principal investigator for all new Product or Product- related clinical studies, in addition to other sites provided final site selection will be based on the best interest of the Project.",,
PrecheckHealthServicesInc_20200320_8-K_EX-99.2_12070169_EX-99.2_Distributor Agreement.pdf,"This Agreement shall be in effect until March 18. 2021, unless sooner terminated by either party upon (30) days written notice, without cause.",,
2ThemartComInc_19990826_10-12G_EX-10.10_6700288_EX-10.10_Co-Branding Agreement_ Agency Agreement.pdf,"Notwithstanding the foregoing, unless this Agreement was terminated for a material breach, all provisions of this Agreement shall survive to the extent necessary for i-Escrow to complete any Customer transactions which are pending at the time of expiration or termination.",,
HfEnterprisesInc_20191223_S-1_EX-10.22_11931299_EX-10.22_Development Agreement.pdf,The rights of Developer under this Agreement shall immediately cease and be terminated upon the sale or transfer of all or substantially all of the assets of Developer unless an assignment of such rights pursuant to such sale or transfer has been previously approved in writing by DSS.,,
LiquidmetalTechnologiesInc_20200205_8-K_EX-10.1_11968198_EX-10.1_Development Agreement.pdf,Either Party may terminate this Agreement for any reason upon providing 180 days prior written notice to the other Party prior to the expiration of the then-current term or unless sooner terminated in accordance with the terms of this Agreement.,,
"VIRTUALSCOPICS,INC_11_12_2010-EX-10.1-STRATEGIC ALLIANCE AGREEMENT.PDF",VS shall not refer that opportunity to any other third party provider unless PPD declines to bid on such opportunity or does not offer the service in question.,,
"VIRTUALSCOPICS,INC_11_12_2010-EX-10.1-STRATEGIC ALLIANCE AGREEMENT.PDF","Unless otherwise required by a particular Sponsor, PPD shall not refer that opportunity to any other third party provider unless VS declines to bid on such opportunity or does not offer the service in question.",,