,sent
0,"Franchisee agrees to return all materials and supplies identified by the Marks in full cases or  packages  to Pretzel  Time for credit and dispose of all other materials and supplies, but not equipment,  identified by the Marks within thirty (30) days after the effective  date of  termination or expiration of this Agreement."
1,"To the extent any Development owned by Life Technologies relates directly to the practice of, or constitutes an improvement to, the Assay, Life Technologies hereby grants to Biocept, during the Term of this Agreement, and, except in the case of termination of this Agreement by Life Technologies for Biocept's uncured material breach, after expiration or termination of this Agreement, a non-exclusive, worldwide, royalty-free, fully-paid license, including the right to sublicense, under Life Technologies' Intellectual Property Rights in such Developments, solely to develop, make, have made, use, sell, have sold, offer for sale, import, perform and provide the Assay."
2,"Each Party shall maintain complete, current and accurate records of all Development activities conducted by it hereunder, and all data and other information resulting from such activities, for at least [***] after the expiration or termination of this Agreement in its entirety or for such longer period as may be required by Applicable Law."
3,Either party may terminate this Agreement by providing [*] month's written       notice to the other.
4,"If Pfizer and Exact are unable to reach agreement on the terms of such Product rights within forty-five (45) days of the commencement of negotiations, then Exact shall be free to enter into negotiations and consummate an agreement with any Third Party regarding such OB/Gyn Commercial Rights; provided that the economic terms of such agreement shall be no more favorable to such Third Party than those last offered to Pfizer."
5,Either Party shall be entitled forthwith to terminate this Agreement by notice to the other if:<omitted>(i) the other Party ceases or threatens to cease to carry on the whole or any material part of its business;
6,"At the end of the sell-off period set forth in Section 12.3(c)(iii), Sanofi shall transfer to RevMed any and all inventory of SHP2 Inhibitors and Termination Products (including all research materials, final product, bulk drug substance, intermediates, work-in-process, formulation materials, reference standards, drug product clinical reserve samples, packaged retention samples, and the like) then in the possession of Sanofi, its Affiliates or Sublicensees, and continue or have continued any ongoing stability studies pertaining to any materials so transferred to RevMed for a reasonable period of time until RevMed can assume responsibility for such activities"
7,"Accordingly, neither this Agreement nor any part of your interest in it, nor any Interest (as defined in Paragraph 14.2) of Franchise Owner or a Principal Owner, may be transferred (see definition below) without our advance written approval if such transfer will result in the Principal Owner(s) set forth in Exhibit 4 holding less than a seventy-five percent (75%) Interest in Franchise Owner.<omitted>As used in this Agreement the term ""Transfer"" means any voluntary, involuntary, direct or indirect assignment, sale, gift, exchange, grant of a security interest, or occurrence of any other event which would or might change the ownership of any Interest, and includes, without limitation: (1) the Transfer of ownership of capital stock, partnership interest or other ownership interest (including the granting of options (such as stock options or any option which give anyone ownership rights now or in the future); (2) merger or consolidation, or issuance of additional securities representing an ownership interest in Franchise Owner; (3) sale of common stock of Franchise Owner sold pursuant to a private placement or registered public offering; (4) Transfer of an Interest in a divorce proceeding or otherwise by operation of law; or (5) Transfer of an Interest by will, declaration of or transfer in trust, or under the laws of intestate succession."
8,"Biocept grants to Life Technologies a non-exclusive option, exercisable during the two (2) year period beginning on the Effective Date, to develop plans, and negotiate with Biocept, for the co-development with Biocept of such systems for the Assay, employing or based on Biocept technologies."
9,"This Agreement can be terminated at any time prior to the expiry of the Term, as follows:<omitted>(c) by the Consultant electing to give the Company notice, in the event that there occurs a Change of Control (as defined below) within six (6) months of the effective date of such Change of Control, and if the Consultant so elects to terminate this Agreement, then the Consultant will be immediately entitled to a termination payment equal to CDN$750,000;"
10,"During the Term, Supplier will promptly notify Customer in writing if at any time a Change of Control shall occur as to Supplier, such notification to be given no later than fifteen (15) days following such Change of Control. [* * *]"
11,"Accordingly, either Party may terminate this Agreement or all/part of a Project for any reason and at any time upon giving the other Party sixty (60) days prior written notice."
12,"Should there be a Change of Control of either Party resulting in the control of such Party by a Third Party which  markets or sells a Competing Product in any part of the Territory, then the rights under this Agreement may not be assigned without the  express consent of the other Party which consent shall not be unreasonably withheld. ""Change of Control"" shall mean (a) the sale, lease,  exchange, license or disposition of all or substantially all of the Party's assets in one transaction or series of related transactions or (b) a  merger or consolidation with an unaffiliated Third Party as a result of which the holders of the Party's issued and outstanding voting  securities immediately before such transaction own or control less than a majority of the voting securities of the continuing or surviving  entity immediately after such transaction."
13,"""Distribution Term"" means the period commencing on the first Regulatory Approval of the Product in the Territory and continuing until [***], or if this Agreement is terminated earlier pursuant to Article 12, the effective date of such termination.<omitted>At any time following the expiration of the Distribution Term (as defined in Section 1.17), the Distributor may terminate this Agreement at will upon [***] prior written notice to Zogenix."
14,"Unless this Agreement is terminated by Zogenix under Section 12.2(c), Distributor shall use Commercially Reasonable Efforts to cooperate with Zogenix and/or its designee to effect a smooth and orderly transition in the registration and Commercialization of the Product in the Field in the Territory during the applicable notice period under Section 12.2 and following the effective date of termination."
15,"Any later proposal to complete that proposed Transfer will be deemed a new offer, giving us a new right of approval and right of first refusal effective as of the day we receive formal notice of the new (or continuing) proposal."
16,"Subject to the terms and conditions of this Agreement commencing as of the Effective Date and for the duration of the Term and any Transition-out Period, Ehave hereby grants to CHT a non-transferable (except as permitted under Section 20(f)), right to: (i) sub-license the use of the Ehave Companion Solution within the Field of Use in the Territory to End Users and their respective Authorized Users, including in operation or by interfacing with other software, hardware, systems, networks and services, in accordance with and subject to the provisions of CHT's Subscription Agreement; and (ii) use the Ehave Companion Solution to support its licensed End Users."
17,"If ENERGOUS is acquired by a third party, ENERGOUS' acquirer will have the right, for a period of [***] following closing of such acquisition, to terminate this Agreement upon written notice to DIALOG."
18,"Sanofi may terminate this Agreement (A) in its entirety by providing [***] written notice of termination to RevMed or (B) on a country-by-country or Product-by-Product basis by providing [***] written notice of termination to RevMed; provided that if Sanofi desires to terminate this Agreement under this Section 12.2(a)(i)B only with respect to the U.S. (for all Products or one or more Products), Sanofi shall provide [***] written notice of termination to RevMed."
19,"Upon the Effective Date, Harpoon hereby grants to AbbVie the exclusive right, but not the obligation, to obtain the licenses set forth in Section 5.1.3 (the ""License Option"")."
20,"Upon the expiration of the Term or termination of this Supply Agreement, in its entirety or with respect to one or more Products, this Supply Agreement shall, except as otherwise provided in this Section 10.3 or Section 10.5, be of no further force or effect; provided, however, that (a) in the event this Supply Agreement is terminated by SutroVax pursuant to Section 10.2.3 and there are outstanding Work Orders or other purchase orders accepted by Sutro that would not be fulfilled as a result of such termination, SutroVax shall reimburse Sutro for all supplies and materials purchased by Sutro and time incurred by Sutro personnel (to the extent incurred solely for manufacture of Product for SutroVax) for the manufacture, or preparation for the manufacture, of Products for any Work Orders placed by SutroVax and any other purchase orders accepted by Sutro prior to such expiration or termination, in each case to the extent Sutro cannot otherwise reasonably mitigate such the costs and expenses of such supplies, materials and time (e.g., by use of resulting supplies, materials and work-in-progress Product for other purposes); provided that to the extent SutroVax pays for any supplies or materials, upon SutroVax's request Sutro shall promptly transfer and deliver such supplies and materials to SutroVax; and (b) if this Supply Agreement is terminated with respect to one or more Products, but not all Products, then this Supply Agreement shall continue in full force and effect with respect to the applicable Product(s) for which it is not terminated."
21,"Notwithstanding anything contained herein to the contrary, in the event that EKR is entitled to exercise its right to terminate this Agreement pursuant to Section 16.1(a), in addition to the right to terminate as provided therein and any other remedies EKR  may have hereunder, PPI shall assist EKR in the transfer of the manufacture of the Products, including the Specifications from PPI to EKR  or EKR's designee."
22,"This Agreement may be terminated at any time prior to the Effective Time by Parent, in its sole and absolute discretion, without the approval or consent of<omitted>any other Person, including SpinCo."
23,"If Franchisee desires to assign his rights under the Franchise to a new franchisee,  Franchisee  (Assignor of the  Franchise),  agrees to pay to Pretzel Time a transfer  fee equal to the  greater of SIX  THOUSAND  TWO  HUNDRED  FIFTY DOLLARS  ($6,250.00) or the then current  transfer fee being paid by franchisees upon the assignment, gift, bequeath or transfer of ownership of the Franchise to cover administrative costs and expenses."
24,"In the event of expiration or termination of this Agreement, an Order or of Maintenance Services under this Agreement, Supplier agrees that upon the request of Bank of America, Supplier will, at no additional cost to Bank of America and through the period of paid up Maintenance Services, continue uninterrupted operations, conclude and cooperate with Bank of America in the transition of the business at Bank of America's direction and in a manner that causes no material disruption to Bank of America business and operations."
25,Any material change in the terms of the offer from a third-party after we have elected not to purchase the seller's interest will constitute a new offer subject to the same right of first refusal as the third party's initial offer.
26,"Following the License Option Exercise Closing Date, if [***] owned or controlled by a Third Party in a particular country or jurisdiction is necessary to Exploit a Licensed Compound or Licensed Product, AbbVie shall have the first right, but not the obligation, to negotiate and enter into an agreement with a Third Party in order to obtain a license or right under such Patent or intellectual property right."
27,"Notwithstanding Section 7.1 above, this Agreement may be terminated upon the occurrence of any of the following events:<omitted>(d) By either party hereto upon sixty (60) days prior written notice to the other party hereto;"
28,"On expiration or the effective date of termination of this Agreement, if earlier:<omitted>e) Supplier shall promptly cooperate with Customer to transfer and transition supply of the Products to a Third Party supplier. Upon Customer's request, Supplier shall cooperate with Customer in the transfer of technology and know-how necessary to Manufacture Products to such Third Party supplier, including providing Customer and the Third Party supplier with reasonable access to the Facilities and consulting services related to Manufacturing of the Product. Supplier shall conduct such activities at Customer's expense paid in advance."
29,"Unless this Agreement is terminated by Zogenix under Section 12.2(c), at the written request of Zogenix, Distributor shall assign to Zogenix any Product-specific Third Party agreements, to the furthest extent possible, provided that such assignment is permitted under the Product-specific agreement or is otherwise agreed by the applicable Third Party."
30,A Change of Control shall be deemed an assignment for purposes of this Agreement.
31,"Upon the termination of this Agreement, Operator shall cooperate in the transition of operations to Owner or a successor operator and upon  Owner's request, will promptly deliver all books and records and other property (including, without limitation, intellectual property) of Owner to  Owner or the successor operator, as applicable."
32,"If AbbVie terminates this Agreement with respect to a country or other jurisdiction, or in its entirety pursuant to Section 12.3, AbbVie shall have the right for at least [***] and no more than [***], which period shall be determined by Harpoon in its sole discretion, after the effective date of such termination with respect to such country or other jurisdiction to sell or otherwise dispose of all Licensed Compound or Licensed Product then in its inventory and any in-progress inventory, in each case that is intended for sale or disposition in such country or other jurisdiction, as though this Agreement had not terminated with respect to such country or other jurisdiction, and such sale or disposition shall not constitute infringement of Harpoon's or its Affiliates' Patent or other intellectual property or other proprietary rights."
33,"In the event the closing of the purchase does not occur within said ninety (90) day period because Franchisee fails to act diligently in connection therewith,  the purchase price shall be reduced by ten percent (10%)."
34,"Unless this Agreement is terminated by Zogenix under Section 12.2(c), at Zogenix's option, which shall be exercised by written notice to Distributor, to the extent permitted under Applicable Laws, Distributor shall assign or cause to be assigned to Zogenix or its designee (or to the extent not so assignable, Distributor shall take all reasonable actions to make available to Zogenix or its designee the benefits of), at Zogenix's cost, all Regulatory Filings and Regulatory Approvals for the Product in the Field in the Territory."
35,"Without limiting the provisions of Section 11, commencing on the delivery of any notice of termination of this Agreement, and continuing through the effective date of termination and for a period of sixty (60) Business Days thereafter (the ""Transition-out Period""), Ehave will, to the extent requested by CHT, provide to CHT (or at CHT's request to CHT's End User) such reasonable cooperation, assistance and services to facilitate the orderly wind down, transition and migration and transfer of the End User Data from Ehave to CHT (the ""Transition-out Services"")."
36,"We may terminate your right to provide products and services to a Major Account customer at any time by giving you at least 30 days' prior written notice, and you may terminate your right to provide products and services to a Major Account at any time by giving us at least 30 days' prior written notice."
37,"AbbVie may terminate this Agreement in its entirety, or on a country or other jurisdiction -by-country or other jurisdiction basis, for any or no reason, upon ninety (90) days' prior written notice to Harpoon."
38,"Notwithstanding anything else in this Agreement, in the event of termination under this Paragraph 12.04 ExxonMobil may terminate any licenses granted to FCE under this Agreement that would otherwise survive termination, taking into account the circumstances surrounding the Change in Control."
39,"If AbbVie [***] and does not subsequently exercise the License Option, then AbbVie shall [***]."
40,"In the event that this Agreement is terminated by PPI in accordance with Section 16.1 or EKR in accordance with Section 16.3(b), EKR and its Affiliates, sub-distributors and sub-licensees shall be entitled to continue to sell<omitted>existing stocks of the Product in the Territory for so long as PPI deems necessary to ensure that sale of the Product is not disrupted  provided that EKR and its Affiliates shall cease such sale immediately upon notification from PPI and in any event EKR shall not so sell for  a period of longer than three (3) months following the date of termination. Immediately upon notification from PPI, such post termination  sales shall cease."
41,"If RevMed wishes to exercise its one-time Co-Promotion Option, it shall so notify Sanofi in writing at least [***] prior to the anticipated launch of such Product in the Co-Promotion Territory."
42,"The Owners may not enter into any shareholders' agreement, management agreement, voting trust or other arrangement that gives a third party the power to direct and control your affairs without our prior written consent."
43,"Upon the termination of this Agreement for any reason, subject to and without limiting the provisions of Section 12: (i) the Parties shall implement the Transition-Out Services pursuant to Section 10(f); (ii) at the end of the Transition-out Period (or earlier upon CHT's request) Ehave shall terminate and invalidate any Authentication IDs associated with CHT and any of its End Users; (iii) Ehave shall, but not earlier than twenty (20) Business Days after the later of termination or expiration of this Agreement or the Transition-out Period, destroy any copies of the End User Data contained in the Ehave Companion Solution and certify in writing to CHT that it has done so; (iv) CHT shall pay to Ehave the full amount of all Royalties payable hereunder as of the date of termination, if any, whether already invoiced or not (including any amounts due as late payment charges), and any other monies owing to Ehave hereunder; and (v) each Party will return to the other Party, or at the other Party's written request, destroy, in a secure manner all Confidential Information of the other Party which is then in its possession or control and certify in writing that it has done so."
44,"In the case of a termination of this Agreement, Sanofi (with respect to the Termination Products in the Licensed Territory), shall be entitled, for a period of [***] after termination, to (i) complete Manufacture of work-in-progress, and (ii) continue conducting Commercialization activities being conducted by Sanofi hereunder as of such termination (if applicable, with respect to the terminated country(ies)), to the extent related to Termination Product in Sanofi's inventory as of such termination (or added to such inventory as a result of the completion described in clause (i)), provided that Sanofi fulfills its payment obligations under this Agreement in connection with such inventory sell-off, provided further that the payment of royalties to RevMed and the sharing of Net Profits and Net Losses under the Profit/Loss Share Agreement shall continue to apply during the sell-off period."
45,"This Agreement can be terminated at any time prior to the expiry of the Term, as follows: (a) by the Consultant electing to give the Company not less than 3 months prior notice of such termination;

(b) by the Company electing to give the Consultant 3 months prior notice of such termination along with a termination payment equal to the annual Consulting Fee;"
46,"This Agreement may be terminated subject to the following clauses:<omitted>Subject to Section 1.6, by Vendor (or successor to Vendor), upon written notice to Distributor of a change of control of Vendor and the election by Vendor (or successor to Vendor) to terminate this Agreement, where a ""change of control"" shall mean a change in ownership of the Vendor such that an unaffiliated third party acquires a majority of the voting power of Vendor;"
47,"The Monthly Compensation shall be paid for the remaining monthly periods remaining in the Term, as if the termination of this Agreement had not occurred, or twenty four (24) calendar months, which ever period is less, where payment shall be made no later than thirty (30) calendar days after the end of the relevant monthly period."
48,"At any time after July 1, 2015, PPI shall have the right, exercisable upon sixty (60) days prior written notice to EKR, to terminate the Lease Term and repurchase the Transferred Equipment from EKR, subject to payment by PPI to EKR within five (5) days of such  notice of any principal paid by EKR under the Promissory Note, which if exercised shall result in the termination of the Step-in Right  set forth in Section 17.5."
49,"In such event, the provisions of this Agreement that survive during the Wind Down Period will continue to survive for the remainder of the period of time that DIALOG is authorized to Sell Licensed Products to any customer in accordance with the foregoing sentence."
50,"Subject to the terms and conditions of this Agreement, RevMed hereby grants to Sanofi an exclusive option, under the Patent Rights and Know-How claiming or embodied in the [***]."
51,"If the proposed Transfer includes assets not related to the operation of the Franchise, we may purchase only the assets related to the operation of the Franchise or may also purchase the other assets"
52,"If Parent enters an agreement to transfer the license granted to it under this Section 3.1 in connection with any sale or transfer of a Parent business, then SpinCo and members of the SpinCo Group shall be made third party beneficiaries under such transfer agreement to enforce breaches of the license"
53,"At all times during the Term, upon request from Bank of America and upon termination of this Agreement for any reason, Supplier shall provide immediately to Bank of America the then-current version of any Work Product in Supplier's possession."
54,"In addition to the foregoing, Sanofi shall use reasonable efforts with respect to those activities for which it is responsible hereunder to cooperate with RevMed to achieve an orderly transition of the Development, Manufacturing and Commercialization of Termination Products from Sanofi or its applicable Affiliate to RevMed."
55,"At RevMed's reasonable request, for a period not to exceed [***] following the effective date of termination, Sanofi shall provide RevMed with assistance up to a total of [***] with any inquiries and correspondence with Regulatory Authorities relating to any such Termination Product."
56,"The insurance policies shall be under an occurrence form, but if only a claims-made form is available to a Party, then such Party shall continue to maintain such insurance after the expiration or termination of this Agreement for the longer of (a) a period of [***] following termination or expiration of this Agreement in its entirety, or (b) with respect to a particular Party, [***] by a Party."
57,"In the event of termination or expiration of this Agreement             pursuant to Section 5.0 above, IBM shall have an option, which             shall expire [*] days after such termination or expiration, to             purchase from MSL, at a reasonable price agreeable to the Parties,             all assets used by MSL to perform the manufacturing and fulfillment             functions<omitted>outlined in Attachment 1: Statement of Work, to the extent owned or             transferable by MSL, and required by IBM to perform such functions."
58,"If AbbVie decides not to prepare, file, prosecute, or maintain a Product-Specific Patent or Joint Patent in a country or other jurisdiction in the Territory, AbbVie shall provide reasonable prior written notice to Harpoon of such intention (which notice shall, in any event, be given no later than [***] prior to the next deadline for any action that may be taken with respect to such Product-Specific Patent or Joint Patent in such country or other jurisdiction), and Harpoon shall thereupon have the option, in its sole discretion, to assume the control and direction of the preparation, filing, prosecution, and maintenance of such Product-Specific Patent or Joint Patent at its sole cost and expense in such country or other jurisdiction."
59,"ENERGOUS may, at any time after the third anniversary of the Effective Date, terminate this Agreement with or without cause upon not less than one hundred and eighty (180) days prior written notice to DIALOG."
60,"M&I may, at any time, withdraw any of the Services (other than the Core Services) upon providing ninety (90) days' prior written notice to Customer."
61,"Bank of America may terminate this Agreement, an Order and/or any Customization Schedule(s) for its convenience, without cause, at any time without further charge or expense upon at least forty-five (45) calendar days prior written notice to Supplier."
62,"During the Term, if Exact desires to grant an exclusive commercial license to a Third Party solely to Promote or sell the Product in the OB/Gyn Field in the Territory (the ""OB/Gyn Commercial Rights""), Exact shall first notify Pfizer of such intent (a ""OB/Gyn Commercial Rights Transfer Notice"") and Pfizer shall have thirty (30) days thereafter to notify Exact of its desire to obtain the OB/Gyn Commercial Rights that are the subject of the OB/Gyn Commercial Rights Transfer Notice."
63,"Notwithstanding the foregoing, either Party may, without consent of the other Party, assign this Agreement and its rights and obligations hereunder in whole or in part to an Affiliate of such Party, or in whole to its successor in interest in connection with the sale of all or substantially all of its stock or its assets to which this Agreement relates, or in connection with a merger, acquisition or similar transaction."
64,"At any time between the Agreement Date and July 1, 2015, EKR shall have the right, exercisable upon sixty (60) days prior written  notice to PPI, to terminate the Lease Term and sell the Transferred Equipment back to PPI, subject to payment by PPI to EKR within  five (5) days of such notice of $[**] in cash, which if exercised shall result in (i) an offset against the unpaid balance of principal and  interest under the Promissory Note pursuant to Section 3.20(f) below; and (ii) the termination of the Step-in Right described in  Section 17.5."
65,Microsoft may terminate this Agreement at any time without cause upon [*] ([*]) days prior written notice.
66,"If you or any of your Principal Owners wishes to Transfer any Interest, we will have a right of first refusal to purchase that Interest as follows."
67,"Franchisee  further agrees that the purchase  price shall be further  reduced by ten percent (10%) per month for each subsequent  month  Franchisee  fails to act diligently to consummate this  transaction.  In the event that Franchisee cannot deliver clear title to all of the purchased assets as aforesaid, or in the event there are other unresolved  issues, at Pretzel Time's option,  the losing of the sale shall be accomplished through an escrow."
68,"Upon termination of this Agreement for whatever reason whatsoever, the Parties shall have the  following rights and obligations:<omitted>(b) Aura shall have the right but not the obligation to purchase any or all Products then in Aura's possession at the invoiced price(s). In the  event that Aura does not elect to purchase said Products, Aura, at its cost, shall return all such non-purchased Products to Zanotti."
69,"If at the time of such termination, Sanofi or its Affiliates are Commercializing a particular Termination Product, then, at RevMed's request, the Parties shall negotiate in good faith a transition services agreement to cover detailing and promotion of such Termination Product (in the same manner and no more extensive than the then-current detailing and promotional efforts of Sanofi) by Sanofi or its Affiliate or contract sales force pursuant to a transition plan agreed by the Parties for a period not to exceed [***], and RevMed shall pay Sanofi a commercially reasonable amount to conduct such activities (which amount would include a commercially reasonable per-detail rate)."
70,"Upon the termination or expiration of the Franchise, we will have the option, but not the obligation, exercisable for thirty (30) days upon written notice to you, to purchase at fair market value all of the assets of the Franchise, including all approved equipment, fixtures, furniture and signs and all supplies, materials, and other items imprinted with any Mark, and to take an assignment of the lease for the Premises and any other lease or concession agreement necessary for the operation of the Franchise"
71,"Upon termination of this Agreement for any reason except as set forth in Section 17.4 below (and, if applicable, in respect of that country in  respect of which termination occurs):<omitted>(b) the following provisions of this Agreement shall continue in full force and effect: Article 1 (""Definitions""), Section 3.20(k),  Section 3.20(l), Article 9 (""Representations and Warranties""), Article 10 (""Liability, Insurance and Indemnities"") (excluding  Section 10.6 (""Insurance"")), Article 11 (""Confidentiality, Press Releases and Publications""), Article 13 (""Infringement of  Third Party Rights""), Section 16.4 (""Effect of Termination""), Article 17 (""Consequences of Termination""), Article 18 (""Force  Majeure""), Article 19 (""Notices""), Article 20 (""Assignment and Change of Control"") and Article 21 (""General Provisions"");     (c) EKR shall return to PPI all PPI IP in its possession;     (d) EKR shall assign to PPI free of charge any domain name registrations it has registered pursuant to Section 8.5; and

  (e) Except in the event of termination of this Agreement by EKR pursuant to Section 16.1(a), EKR shall promptly transfer to PPI  or its nominee, each and every Marketing Authorization (to the extent not held by PPI) relating to the Product, together  with all communications with the relevant Regulatory Authorities, and all notes and record thereof."
72,"During the Term, if Exact (i) enters a formal process authorized or directed by its board of directors or CEO to seek and enter into an arrangement or (ii) intends to agree to a term sheet or seeks to sign a letter of intent or similar arrangement to grant an exclusive commercial license to a Third Party solely to promote or sell the Product outside the Territory (""Ex-US Commercial Rights""), Exact shall first notify Pfizer of such intent (a ""Ex-US Commercial Rights Transfer Notice"") and Pfizer shall have thirty (30) days thereafter to notify Exact of its desire to obtain the Ex-US Commercial Rights that are the subject of the Ex-US Commercial Rights Transfer Notice."
73,"In addition, Metavante agrees to provide to Customer, at Customer's expense, all necessary assistance to facilitate the orderly transition of Services to Customer or its designee (""Termination Assistance""). As part of the Termination Assistance, Metavante shall assist Customer to develop a plan for the transition of all Services then being performed by Metavante under this Agreement, from Metavante to Customer or Customer's designee, on a reasonable schedule developed jointly by Metavante and Customer."
74,"DIALOG will have the right to terminate this Agreement immediately upon the issuance of written notice to ENERGOUS (A) if ENERGOUS undergoes a Change of Control involving a competitor of DIALOG, or (B) if ENERGOUS acquires, whether directly through a sale of assets or through a Change of Control transaction, any competitor of DIALOG (as reasonably determined by DIALOG). ENERGOUS will provide DIALOG with notice of any such Change of Control or acquisition within [***] after the closing thereof and DIALOG's right to terminate the Agreement will expire [***] after receipt of such notice."
75,"In the case of a termination of this Agreement, Sanofi (with respect to the Termination Products in the Licensed Territory), shall be entitled, for a period of [***] after termination, to (i) complete Manufacture of work-in-progress, and (ii) continue conducting Commercialization activities being conducted by Sanofi hereunder as of such termination (if applicable, with respect to the terminated country(ies)), to the extent related to such Termination Product in Sanofi's inventory as of such termination (or added to such inventory as a result of the completion described in clause (i)), provided that Sanofi fulfills its payment obligations under this Agreement in connection with such inventory sell-off, provided further that the sharing of Net Profits and Net Losses under the Profit/Loss Share Agreement shall continue to apply during the sell-off period."
76,Licensee shall notify Bioeq in writing within [***] ([***]) days after entry by Licensee into a definitive agreement which would result in a Competitor Change of Control.
77,"During the term of this Agreement, if MSL decides to sell a substantial       portion of its assets or operations outside the ordinary course of its       business, or to merge or transfer ownership of MSL to a third Party, MSL       will immediately notify IBM."
78,"Subject to subsections (i)-(iii) of this Section 5.1(a), each Party agrees that prior to the date that is six (6) months after the Effective Time (""Delivery Date""), it will deliver possession of any Tangible/Intangible Information of the other Party that is in its possession or control to the other Party, without retaining any copies."
79,RevMed shall pay Sanofi such royalties until the earlier of (x) expiration of the Post-Termination Royalty Term therefor and (y) a Change of Control of Sanofi.
80,"If AbbVie provides the License Option Exercise Notice during the License Option Period, upon AbbVie's request, the Parties shall work together in good faith to conduct an analysis of whether any filings or notifications are or may be required to be filed under the HSR Act (the ""HSR Filing"") or any similar applicable foreign law or regulation in connection with AbbVie's exercise of the License Option."
81,Such insurance shall be with a reputable insurance company and where  reasonably possible (taking into account the availability of such insurance) shall be maintained for not less than [**] ([**]) years following  the expiry or termination of this Agreement.
82,"If AbbVie notifies Harpoon in writing within [***] after receipt of such copy that AbbVie wishes to receive a license or sublicense (as applicable) under, and be subject to the rights and obligations of, the Proposed Future In-Licensed Rights as they apply to AbbVie and this Agreement, then the Proposed Future In-Licensed Rights shall automatically be included in the Harpoon Patents and/or Harpoon Know-How (as applicable) hereunder and AbbVie agrees to abide by all applicable terms and conditions of such license, sublicense or other agreement, as it relates to AbbVie and this Agreement, including payment of any financial obligations based upon AbbVie's practice of such intellectual property rights."
83,"You may not permit the Franchised Business to be operated, managed, directed, or controlled by any other person without our prior written consent."
84,"Both parties shall have the right to terminate this Agreement at any time, for any or for no reason, upon one hundred twenty (120) days written notice to the other party."
85,You must immediately notify us of any changes in the terms of an offer.
86,"Distributor agrees not to use in any manner whatsoever the marks, logos, images and copy of Vendor following the expiration or termination of this Agreement, except as may be needed to sell any Products remaining in Distributor's inventory."
87,"of the data then in RevMed's Control regarding the relevant SHP1-SHP2 Dual Inhibitor. Sanofi shall notify RevMed in writing (a ""Notice of Interest""), within [***] after Sanofi's receipt of such notice, if Sanofi desires to enter into negotiations with RevMed of the terms under which Sanofi would obtain SHP1-SHP2 Dual Inhibitor License Rights."
88,"Upon the occurrence of any of the following, WGT may      terminate the Term by giving Distributor written notice of such termination      for:<omitted>WGT giving Distributor ninety (90) days' advance written notice of      termination at any time after the expiration of the Initial Term."
89,"If DIALOG is acquired by a third party, DIALOG's acquirer will have the right, for a period of [***] following closing of such acquisition, to terminate this Agreement upon written notice to ENERGOUS."
90,"On any termination of this Agreement under Section 5.l (a), (b), or (c) all outstanding stock options granted to the Consultant shall be exercisable in accordance with the terms of the option agreements covering such grants"
91,"Bioeq may terminate this Agreement immediately upon written notice to Licensee, if Licensee conducts any clinical development of, markets, sells or distributes any Competitive Product in the Territory, whether directly or indirectly through the intermediary of a Third Party or its Affiliates (Restricted Activities); provided, that in the event that Restricted Activities are being or would be deemed to be conducted by Licensee solely in connection with a Competitor Change of Control, Bioeq may not terminate this Agreement in accordance with this Section 15.2.2 and instead may terminate this Agreement in accordance with Section 15.2.9."
92,"In the event of termination or expiration of this Agreement             pursuant to Section 5.0 above, IBM shall have an option, which             shall expire [*] days after such termination or expiration, to             purchase from MSL, at a reasonable price agreeable to the Parties,             all assets used by MSL to perform the manufacturing and fulfillment             functions<omitted>outlined in Attachment 1: Statement of Work, to the extent owned or             transferable by MSL, and required by IBM to perform such functions."
93,"If a Change in Control occurs with respect to Customer, Metavante agrees to continue to provide Services under this Agreement; provided that (a) Metavante's obligation to provide Services shall be limited to the Entities comprising the Customer prior to such Change in Control and (b) Metavante's obligation to provide Services shall be limited in any and all circumstances to the number of accounts processed in the three (3) -month period prior to such Change in Control occurring, plus twenty-five percent (25%)."
94,"The parties acknowledge and agree that a ""Release Condition"" for purposes of the Escrow Agreement shall be deemed to mean any one or more of the following listed events (in addition to any other event specified as a release condition under the Escrow Agreement):<omitted>(vi) Ehave undergoes a change of control or is a party to a merger or amalgamation;"
95,"Within [***] after receipt of such cessation request, Distributor shall provide Zogenix an estimate of the quantity and shelf life of all Product remaining in Distributor's or its Affiliates' or Sub-distributors' inventory, and Zogenix shall have the right to purchase any such quantities of Product from Distributor at a price mutually agreed by the Parties."
96,"Except as otherwise provided in Subsection 3(b) below, within [*]     calendar days after termination or expiration of the Agreement (or this     Attachment 6, in the event of termination in part) for any reason,     MSL shall return to IBM all MS Software Image(s) master media and all MS     Software Image documentation which has not been placed in a Product package     prior to such termination or expiration, and MSL shall provide written     notice to IBM signed by a representative certifying that MSL has fulfilled     such requirements."
97,"ExxonMobil may terminate this Agreement upon fifteen (15) days written notice, without penalty, payment or prejudice to claims and obligations then accrued, if FCE undergoes a Change in Control."
98,"In the event that MSL owns the tooling and has received a bona fide             third party offer to purchase any or all of the tooling, before MSL             may accept such offer, MSL shall notify IBM in writing, and IBM             shall have [*] Days after such notice to agree to purchase such             tooling on the same terms and conditions as such third party offer."
99,"A Termination Event shall have occurred if:<omitted>(c) Supplier either: (i) merges with another entity, (ii) suffers a transfer involving fifty (50%) percent or more of any class of its voting securities or (iii) transfers all, or substantially all, of its assets;"
